Workbook

Sheet DMA
A1: BLOCKNAME | B1: BRANCH | C1: ZONE | D1: BLOCK | E1: WL_ก่อนน้ำท่วม (%) | F1: WL_หลังน้ำท่วม (%) | G1: เปลี่ยนแปลง (จุด%) | H1: สถานะ
A2: 010101 | B2: 01 | C2: 01 | D2: 01 | E2: 62.51 | F2: 66.47 | G2: =F2-E2 -> 3.96 | H2: =IF(G2>=คำอธิบาย!$C$4,"เพิ่มขึ้นมาก",IF(G2>=คำอธิบาย!$C$5,"เพิ่มขึ้น","คงที่/ลดลง")) -> เพิ่มขึ้น
A3: 010102 | B3: 01 | C3: 01 | D3: 02 | E3: 22.83 | F3: 26.55 | G3: =F3-E3 -> 3.72 | H3: =IF(G3>=คำอธิบาย!$C$4,"เพิ่มขึ้นมาก",IF(G3>=คำอธิบาย!$C$5,"เพิ่มขึ้น","คงที่/ลดลง")) -> เพิ่มขึ้น
A4: 010103 | B4: 01 | C4: 01 | D4: 03 | E4: 28.59 | F4: 21.18 | G4: =F4-E4 -> -7.41 | H4: =IF(G4>=คำอธิบาย!$C$4,"เพิ่มขึ้นมาก",IF(G4>=คำอธิบาย!$C$5,"เพิ่มขึ้น","คงที่/ลดลง")) -> คงที่/ลดลง
A5: 010104 | B5: 01 | C5: 01 | D5: 04 | E5: 53.48 | F5: 53.39 | G5: =F5-E5 -> -0.09 | H5: =IF(G5>=คำอธิบาย!$C$4,"เพิ่มขึ้นมาก",IF(G5>=คำอธิบาย!$C$5,"เพิ่มขึ้น","คงที่/ลดลง")) -> คงที่/ลดลง
A6: 010105 | B6: 01 | C6: 01 | D6: 05 | E6: 50.24 | F6: 53.01 | G6: =F6-E6 -> 2.77 | H6: =IF(G6>=คำอธิบาย!$C$4,"เพิ่มขึ้นมาก",IF(G6>=คำอธิบาย!$C$5,"เพิ่มขึ้น","คงที่/ลดลง")) -> เพิ่มขึ้น
A7: 010106 | B7: 01 | C7: 01 | D7: 06 | E7: 44.99 | F7: 47.2 | G7: =F7-E7 -> 2.21 | H7: =IF(G7>=คำอธิบาย!$C$4,"เพิ่มขึ้นมาก",IF(G7>=คำอธิบาย!$C$5,"เพิ่มขึ้น","คงที่/ลดลง")) -> เพิ่มขึ้น
A8: 010201 | B8: 01 | C8: 02 | D8: 01 | E8: 38.29 | F8: 34.68 | G8: =F8-E8 -> -3.61 | H8: =IF(G8>=คำอธิบาย!$C$4,"เพิ่มขึ้นมาก",IF(G8>=คำอธิบาย!$C$5,"เพิ่มขึ้น","คงที่/ลดลง")) -> คงที่/ลดลง
A9: 010202 | B9: 01 | C9: 02 | D9: 02 | E9: 12.22 | F9: 9.69 | G9: =F9-E9 -> -2.53 | H9: =IF(G9>=คำอธิบาย!$C$4,"เพิ่มขึ้นมาก",IF(G9>=คำอธิบาย!$C$5,"เพิ่มขึ้น","คงที่/ลดลง")) -> คงที่/ลดลง
A10: 010203 | B10: 01 | C10: 02 | D10: 03 | E10: 45.18 | F10: 46.73 | G10: =F10-E10 -> 1.55 | H10: =IF(G10>=คำอธิบาย!$C$4,"เพิ่มขึ้นมาก",IF(G10>=คำอธิบาย!$C$5,"เพิ่มขึ้น","คงที่/ลดลง")) -> เพิ่มขึ้น
A11: 010204 | B11: 01 | C11: 02 | D11: 04 | E11: 50.42 | F11: 45.99 | G11: =F11-E11 -> -4.43 | H11: =IF(G11>=คำอธิบาย!$C$4,"เพิ่มขึ้นมาก",IF(G11>=คำอธิบาย!$C$5,"เพิ่มขึ้น","คงที่/ลดลง")) -> คงที่/ลดลง
A12: 010205 | B12: 01 | C12: 02 | D12: 05 | E12: 59.01 | F12: 58.68 | G12: =F12-E12 -> -0.33 | H12: =IF(G12>=คำอธิบาย!$C$4,"เพิ่มขึ้นมาก",IF(G12>=คำอธิบาย!$C$5,"เพิ่มขึ้น","คงที่/ลดลง")) -> คงที่/ลดลง
A13: 010301 | B13: 01 | C13: 03 | D13: 01 | E13: 58 | F13: 51.71 | G13: =F13-E13 -> -6.29 | H13: =IF(G13>=คำอธิบาย!$C$4,"เพิ่มขึ้นมาก",IF(G13>=คำอธิบาย!$C$5,"เพิ่มขึ้น","คงที่/ลดลง")) -> คงที่/ลดลง
... A1008: 560705 | B1008: 56 | C1008: 07 | D1008: 05 | E1008: 49.2 | F1008: 55.11 | G1008: =F1008-E1008 -> 5.91 | H1008: =IF(G1008>=คำอธิบาย!$C$4,"เพิ่มขึ้นมาก",IF(G1008>=คำอธิบาย!$C$5,"เพิ่มขึ้น","คงที่/ลดลง")) -> เพิ่มขึ้นมาก

Sheet รายเดือน
A1: BLOCKNAME | B1: เดือน | C1: WL (%)
A2: 010101 | B2: 2026-07 | C2: 57.13
A3: 010101 | B3: 2026-08 | C3: 65.56
A4: 010101 | B4: 2026-09 | C4: 66.21
A5: 010102 | B5: 2026-07 | C5: 24.89
A6: 010102 | B6: 2026-08 | C6: 16.24
A7: 010102 | B7: 2026-09 | C7: 26.92
A8: 010103 | B8: 2026-07 | C8: 27.76
A9: 010103 | B9: 2026-08 | C9: 29.16
A10: 010103 | B10: 2026-09 | C10: 24.99
A11: 010104 | B11: 2026-07 | C11: 54.11
A12: 010104 | B12: 2026-08 | C12: 56.29
A13: 010104 | B13: 2026-09 | C13: 53.94
... A3001: 560705 | B3001: 2026-09 | C3001: 55.31

Sheet คำอธิบาย
B2: ตัวอย่างข้อมูลสำหรับหน้า dma-color-map.html
B4: เกณฑ์ "เพิ่มขึ้นมาก" (จุด%) | C4: 5 | D4: แก้ตัวเลขช่องสีเหลืองได้ คอลัมน์ "สถานะ" ในชีต DMA จะคำนวณใหม่เอง
B5: เกณฑ์ "เพิ่มขึ้น" (จุด%) | C5: 0.01
B7: วิธีใช้
B8: 1) เปิด dma-color-map.html → เลือก dmz_fixed.topojson → เลือกไฟล์นี้
B9: 2) ระบบจับคู่ BLOCKNAME ในแผนที่กับคอลัมน์ BLOCKNAME ให้อัตโนมัติ
B10: 3) "ระบายสีตาม" เลือก: เปลี่ยนแปลง (จุด%) ใช้ชุดสี เขียว→เหลือง→แดง หรือ สถานะ (แสดงเป็นกลุ่ม)
B11: 4) ชีต "รายเดือน" มีหลายแถวต่อ DMA → ตั้ง "กรองแถว" = เดือน แล้วเลือกเดือนที่ต้องการ
B13: ที่มาของข้อมูล
B14: • BLOCKNAME, BRANCH, ZONE, BLOCK, WL_ก่อนน้ำท่วม = ค่าจากไฟล์ dmz_fixed.topojson (ฟิลด์ PERCENT_WL)
B15: • WL_หลังน้ำท่วม และข้อมูลรายเดือน = ค่าสมมติแบบสุ่ม ใช้ทดสอบเท่านั้น ไม่ใช่ข้อมูลจริง
B16: (สมมติให้สาขา 03, 12, 14, 56 มีน้ำสูญเสียเพิ่มขึ้นมากกว่าสาขาอื่น)
B17: • 6 พื้นที่ที่เติมช่องว่างในแผนที่ (FIXED_GAP) ตั้งใจไม่ใส่ข้อมูล จะแสดงเป็นสี "ไม่มีข้อมูล"
B19: ตัวอักษรสีน้ำเงิน = ค่าที่กรอกเอง · สีดำ = สูตร
B20: แทนที่ด้วยข้อมูลจริงได้ โดยคงชื่อคอลัมน์ BLOCKNAME และใส่รหัสเป็นข้อความ 6 หลัก (เช่น 030203)
